task_id,task_name,category_name,limit_date,user_name,user_id,status_name,memo
1,未着手サンプルタスク,新商品A:開発プロジェクト,2024-04-02,山田,admin,未着手,サンプルメモ
2,着手サンプルタスク,新商品A:開発プロジェクト,2024-03-20,山田,admin,未着手,
3,完了サンプルタスク,既存商品B:改良プロジェクト,2023-11-30,テスト1,test1,着手,
6,testtest,既存商品B:改良プロジェクト,2024-03-29,テスト2,test2,未着手,test
8,testtest,既存商品B:改良プロジェクト,2024-03-30,さくらいあいこ,test4,未着手,ああああああああああああああああああああああああああああああああああああああああああああああああああああああああああああああああああああああああああああああああ
10,テスト,既存商品B:改良プロジェクト,2024-03-14,さくらいあいこ,test4,未着手,あああ
いいい
ううう
13,test,新商品A:開発プロジェクト,2024-03-15,テストテストテストテスト,test3,着手,
16,testtest,新商品A:開発プロジェクト,2024-04-04,さくらいあいこ,test4,完了,aaaaaaaaaaaa
